Evaluation,Best,Average,Worst
200,1681.925896788487,1975.7318081970461,2320.6124492072936
300,1681.925896788487,1924.7888983374512,2295.8240156715656
400,1634.5492715410478,1864.2496776684507,2151.13206537405
500,1466.0895527268274,1796.2200416931914,2145.653309717679
600,1466.0895527268274,1759.6470330441998,2207.835044968622
700,1466.0895527268274,1667.241715402281,2133.0607354110484
800,1460.7067095448565,1586.686156331252,1915.077419624549
900,1460.38738354762,1514.646305350221,1838.3045584309864
1000,1426.720691520133,1507.9317840765982,1787.919344276087
1100,1416.0861203725299,1489.9628854657794,1786.5932651279386
1200,1408.0932743526926,1501.8710426009293,2014.7147085649722
1300,1391.8308726624166,1473.1530302440542,1713.5643944638462
1400,1387.40791672788,1461.5236524364007,1727.4172509857988
1500,1387.40791672788,1469.3275528387178,1797.2100312866562
1600,1349.0402827989542,1447.3379835686053,1700.7751122767022
1700,1321.5314096128664,1446.241186273392,1791.0887601208105
1800,1321.5314096128664,1429.5276433950962,1678.8150467083926
1900,1312.7970592936724,1414.7466043419322,1713.9525693329554
2000,1310.4176245755555,1425.20183916376,1719.9533506017576
2100,1308.6864274129807,1401.9026140958827,1666.0792772319785
2200,1261.0607604606143,1371.3284812181153,1630.426698894234
2300,1261.0607604606143,1340.2793251424155,1578.3602921610939
2400,1225.8147143868755,1322.3545808460478,1551.500110799854
2500,1225.8147143868755,1311.1755670583477,1659.5525046307498
2600,1182.7750823701508,1278.3355964067744,1502.1979752205068
2700,1182.7750823701508,1265.792917914579,1524.1173831238827
2800,1182.7750823701508,1251.0554292207455,1541.28053867393
2900,1177.2511785472586,1214.506199537521,1569.9255751418868
3000,1159.964655333357,1209.7812268657915,1407.3775297799746
3100,1159.964655333357,1202.9838415139022,1436.8291392360695
3200,1159.964655333357,1224.7884411220691,1510.7973160579422
3300,1129.5436958531516,1201.0067629741532,1458.2262399067524
3400,1129.5436958531516,1201.7832997175212,1446.981867241782
3500,1129.5436958531516,1192.632038994312,1441.0502184844904
3600,1129.5436958531516,1184.724589171804,1437.733769996888
3700,1093.3923226797526,1163.8336810731082,1414.3652882970307
3800,1093.3923226797526,1162.8944813780984,1441.6408811400938
3900,1049.9307480245886,1158.9767431016758,1493.6831349046868
4000,1049.9307480245886,1164.3888610258325,1417.585191872639
4100,1049.9307480245886,1177.1514289367642,1434.5801219343582
4200,1049.9307480245886,1153.761736378593,1366.389469141836
4300,1049.9307480245886,1151.0896541569246,1447.8898340991072
4400,1049.9307480245886,1150.8421924225288,1531.0783948698206
4500,1049.9307480245886,1142.504416247557,1513.0144131738064
4600,1049.9307480245886,1135.752515988972,1467.185642522781
4700,1049.9307480245886,1118.9388351940513,1484.7709086834625
4800,1036.9803170255022,1106.6612479168575,1407.3961844677424
4900,1036.9803170255022,1113.9070276700195,1441.6616781421367
5000,1036.9803170255022,1118.8420576259848,1483.5538314464216
5100,1036.9803170255022,1083.503588876305,1353.4729912409473
5200,1036.9803170255022,1064.0209197223814,1388.214135366221
5300,1036.9803170255022,1074.3293957906485,1406.4389081103004
5400,1036.9803170255022,1079.670628906249,1484.6667678939612
5500,1026.19124701319,1072.895684376857,1414.204545914627
5600,1026.19124701319,1060.4908204611968,1355.2433712050536
5700,1026.19124701319,1070.482389703594,1427.3572993752641
5800,973.8533519464879,1094.9603157517065,1444.2902450861177
5900,973.8533519464879,1088.7687430643082,1389.546851487405
6000,973.8533519464879,1057.8354698921703,1312.5827467993602
6100,973.8533519464879,1062.6139451354297,1383.179475748851
6200,942.8288966537707,1029.4480946736455,1437.5976297882462
6300,942.8288966537707,1006.8782161704305,1426.7877885480264
6400,942.8288966537707,1024.6354080095155,1428.8533502330763
6500,942.8288966537707,1004.004770732281,1349.7538697488376
6600,942.8288966537707,975.9520209235334,1353.9749569030068
6700,921.3496301842672,963.8073400882765,1293.0519394816995
6800,921.3496301842672,974.765442215622,1280.6478734639225
6900,921.3496301842672,987.9297923731569,1299.197489558948
7000,921.3496301842672,967.9675184117195,1319.6429566401157
7100,921.3496301842672,984.7969107602624,1292.8208918645828
7200,921.3496301842672,968.471040568984,1282.5319904036853
7300,921.3496301842672,970.3113931158463,1289.3268275101773
7400,921.3496301842672,962.8244675556049,1234.742313938709
7500,921.3496301842672,980.3201653913025,1388.3251025236784
7600,921.3496301842672,960.6550322312937,1252.6874610772654
7700,921.3496301842672,960.6145026180361,1301.6351168253343
7800,921.3496301842672,964.1568777885441,1291.0932330953033
7900,921.3496301842672,981.3377835890626,1328.816804640865
8000,921.3496301842672,975.9145416645347,1437.9454960196838
8100,921.3496301842672,969.0640044105722,1388.3251025236784
8200,921.3496301842672,965.4248645745689,1201.402858471502
8300,921.3496301842672,967.8390129760331,1388.3251025236784
8400,921.3496301842672,974.1937517778845,1297.7710641022131
8500,921.3496301842672,961.0654486443003,1243.5211408917085
8600,921.3496301842672,993.5286208802735,1319.4734015350575
8700,921.3496301842672,965.3043482422217,1388.3251025236784
8800,921.3496301842672,974.4868186600439,1324.0515935111507
8900,921.3496301842672,971.2865024320282,1251.0947643656905
9000,921.3496301842672,972.2147316633428,1328.8143813073418
9100,921.3496301842672,966.7738465094758,1253.1009718641237
9200,921.3496301842672,963.0037277428365,1274.8796542655687
9300,921.3496301842672,972.6321910525133,1262.31826769966
9400,921.3496301842672,963.2359559538631,1244.9036070369257
9500,921.3496301842672,974.1996338673358,1257.7352479774775
9600,921.3496301842672,967.8042793900627,1316.2649629498967
9700,921.3496301842672,959.3841912769968,1237.407451343504
9800,921.3496301842672,971.4558444159536,1288.5127580259204
9900,921.3496301842672,984.0530635952965,1283.3769682185311
10000,921.3496301842672,988.5371136541622,1386.9058152198556
10100,921.3496301842672,972.8819951734779,1353.8430103869139
10200,921.3496301842672,973.3692462702315,1282.015818576773
10300,921.3496301842672,973.3873830174849,1328.8143813073418
10400,921.3496301842672,975.252187784568,1266.875902477702
10500,921.3496301842672,980.1211060389256,1283.3769682185311
10600,921.3496301842672,961.7130900418359,1283.3769682185311
10700,921.3496301842672,961.1296111308482,1418.937433248688
10800,921.3496301842672,957.8893243684798,1230.4253302586048
10900,921.3496301842672,966.7478417080663,1319.1161268426856
11000,921.3496301842672,958.0543224800477,1265.3820396518092
11100,921.3496301842672,959.3179839356668,1280.0850349262173
11200,921.3496301842672,976.6918078256656,1328.428767703809
11300,921.3496301842672,962.3603471867805,1289.0054722463326
11400,921.3496301842672,969.7160385588745,1352.349147561021
11500,921.3496301842672,967.5573099367616,1268.6774078853305
11600,900.9654076514034,964.7251635099252,1263.7359775287996
11700,900.9654076514034,950.1064060620213,1278.0920785697936
11800,900.9654076514034,973.8792375909387,1317.2480101243727
11900,885.7915331620297,975.6789610942039,1329.7471706208185
12000,885.7915331620297,940.3467825341911,1281.3147237337448
12100,878.2396311620016,935.6244999948854,1327.2367505381083
12200,878.2396311620016,918.7126391958042,1226.7392600476924
12300,877.0855665566107,926.6243125771101,1284.6892410378537
12400,877.0855665566107,920.1234659542719,1340.0399006064372
12500,877.0855665566107,928.9618200493188,1355.8950624941094
12600,877.0855665566107,921.8613578566577,1287.0295717380461
12700,877.0855665566107,924.2833798324327,1208.982504067177
12800,876.7986124970643,911.5501078245048,1273.195983281579
12900,876.7986124970643,906.6579321826408,1204.1025125873575
13000,876.7986124970643,910.1283182463013,1279.1921881981264
13100,863.9365839200343,908.0946957268362,1246.371666930714
13200,863.9365839200343,909.1417256371491,1292.6315363844217
13300,863.9365839200343,914.8996518672933,1228.4789676937028
13400,863.9365839200343,898.6879227115649,1313.6640228612405
13500,860.3644710157253,895.2958197225464,1298.9730203313477
13600,856.3846819200063,887.1864214430492,1193.461263828364
13700,856.3846819200063,901.8305169523522,1229.1681557352642
13800,856.3846819200063,895.895686708597,1199.8630831149965
13900,852.8125690156972,894.6241390315831,1306.4543666981
14000,852.8125690156972,886.1928301097822,1256.027556940965
14100,852.8125690156972,890.9233494320927,1214.5167475968349
14200,852.8125690156972,894.1920133354344,1306.1645274115147
14300,852.8125690156972,886.5391491331404,1197.3490069827376
14400,852.8125690156972,902.0295036990206,1238.5949730113507
14500,852.8125690156972,888.0492813069654,1210.4722265291357
14600,852.8125690156972,897.9214522209825,1300.4250063017587
14700,852.8125690156972,892.1292681298129,1205.3056561426404
14800,852.8125690156972,894.2372837028673,1312.5636932277112
14900,852.8125690156972,889.0602910868874,1306.1645274115147
15000,852.8125690156972,889.0574189288506,1286.4957037898955
15100,852.8125690156972,897.4448352013898,1306.1645274115147
15200,852.8125690156972,892.998013556607,1210.4722265291357
15300,852.8125690156972,887.1831551472131,1218.990410800002
15400,852.8125690156972,892.8610182664659,1218.990410800002
15500,852.8125690156971,892.5985335828436,1227.195841025157
15600,852.8125690156971,894.273081601063,1246.5390000472642
15700,852.8125690156971,888.3000918288026,1232.5933133252718
15800,852.8125690156971,881.6187793710056,1312.5636932277112
15900,852.8125690156971,905.8404784532087,1222.9072791324036
16000,852.8125690156971,892.4417511748414,1198.7108058450629
16100,852.8125690156971,889.0352024463626,1211.398749221539
16200,852.8125690156971,887.0334772119618,1211.398749221539
16300,852.8125690156971,878.1339419265541,1154.6742507104711
16400,852.8125690156971,905.2976876573543,1190.933612106718
16500,852.8125690156971,884.9876332043559,1180.3141468540766
16600,852.8125690156971,877.2175600494384,1181.0515592006138
16700,852.8125690156971,886.5776656098636,1138.58008498906
16800,852.8125690156971,876.2671177938613,1157.2697011464563
16900,852.8125690156971,894.1031429515601,1206.663465483829
17000,852.8125690156971,872.9114905434845,1154.9955158767207
17100,852.8125690156971,896.8957476046958,1211.8852033108121
17200,852.8125690156971,879.5579795134868,1196.6610639309292
17300,852.8125690156971,887.6894588022485,1193.1206607411243
17400,852.8125690156971,882.8103216437767,1151.74339712746
17500,852.8125690156971,890.547313501092,1211.398749221539
17600,852.8125690156971,871.0964243101208,1182.5256727803085
17700,852.8125690156971,888.2280400048618,1182.5256727803085
17800,852.8125690156971,900.7417351950983,1208.556948463455
17900,852.8125690156971,884.9025072417422,1246.6210558096411
18000,852.8125690156971,906.9144326487226,1246.6210558096411
18100,852.8125690156971,887.6628774737349,1174.3695044907945
18200,852.8125690156971,878.2926055687552,1196.6610639309292
18300,852.8125690156971,875.5353034391305,1177.0598045195306
18400,852.8125690156971,891.885915163206,1190.922780475656
18500,852.8125690156971,869.9602433312248,1160.2761678187767
18600,852.8125690156971,881.5885780429386,1180.3141468540766
18700,852.8125690156971,883.4989676875489,1185.0825124250566
18800,852.8125690156971,888.2154611094849,1173.5392445981163
18900,852.8125690156971,887.9650385862124,1181.0515592006138
19000,852.8125690156971,877.5816928201265,1157.8763543985901
19100,852.8125690156971,892.4766016211648,1272.9325478906437
19200,852.8125690156971,895.7124978535553,1190.933612106718
19300,852.8125690156971,871.9120811920096,1168.913410915333
19400,852.8125690156971,892.3402911627487,1190.933612106718
19500,852.8125690156971,873.087248940773,1174.3695044907945
19600,852.8125690156971,868.3216268795015,1156.6650064567352
19700,852.8125690156971,866.1391713629938,1104.7560667137034
19800,852.8125690156971,888.1962153246658,1182.5256727803085
19900,852.8125690156971,884.0559676573589,1174.3695044907945
20000,852.8125690156971,892.2433946484083,1196.6610639309292
20100,852.8125690156971,872.9964190797386,1176.2106134730911
20200,852.8125690156971,879.9827699527129,1190.922780475656
20300,852.8125690156971,891.1898736275393,1174.371350550848
20400,852.8125690156971,883.1369158038615,1200.766412243939
20500,852.8125690156971,875.906554420236,1180.3141468540766
20600,852.8125690156971,887.8917591681443,1181.922297617639
20700,852.8125690156971,885.5194020806307,1200.766412243939
20800,852.8125690156971,890.6585752722299,1196.6610639309292
20900,852.8125690156971,889.0224405065111,1211.398749221539
21000,852.8125690156971,889.8551386254612,1166.0445978021828
21100,852.8125690156971,880.0934463990998,1176.1435890022535
21200,852.8125690156971,879.7515707639878,1272.9325478906437
21300,852.8125690156971,876.1729787198117,1117.9479222933478
21400,852.8125690156971,877.4167177488204,1190.922780475656
21500,852.8125690156971,886.0652399704228,1211.8852033108121
21600,852.8125690156971,882.0893151396268,1112.8431894673192
21700,852.8125690156971,881.363885387121,1200.2500804191739
21800,852.8125690156971,887.4336621000949,1163.8787390216971
21900,852.8125690156971,870.8640404674941,1186.9465104292217
22000,852.8125690156971,885.4360243080356,1208.556948463455
22100,852.8125690156971,883.5455627596347,1185.0825124250566
22200,852.8125690156971,881.0364540738697,1149.061234266123
22300,852.8125690156971,881.7671220861079,1163.8787390216971
22400,852.8125690156971,888.6715500553006,1187.0680423422039
22500,852.8125690156971,885.1886802285262,1211.8852033108121
22600,852.8125690156971,900.077722283707,1246.6210558096411
22700,852.8125690156971,886.2242441275187,1200.2500804191739
22800,852.8125690156971,892.8876807507461,1176.2106134730911
22900,852.8125690156971,890.2021901381645,1190.922780475656
23000,852.8125690156971,882.7003238732108,1181.922297617639
23100,852.8125690156971,887.9932569287884,1196.3770689471814
23200,852.8125690156971,883.293070891414,1187.0680423422039
23300,852.8125690156971,892.5119554059507,1190.933612106718
23400,852.8125690156971,889.1366739872875,1246.6210558096411
23500,852.8125690156971,887.7416499879644,1173.5392445981163
23600,852.8125690156971,888.318240741314,1170.8273085268215
23700,852.8125690156971,888.5834729405622,1181.1858952050459
23800,852.8125690156971,879.6775291351711,1174.371350550848
23900,852.8125690156971,886.4649121595139,1272.9325478906437
24000,852.8125690156971,889.4321652389071,1246.6210558096411
24100,852.8125690156971,875.1449172007167,1108.7583808394572
24200,852.8125690156971,887.945498608793,1196.6610639309292
24300,852.8125690156971,891.4764541930579,1246.6210558096411
24400,852.8125690156971,890.9484701029531,1181.922297617639
24500,852.8125690156971,886.1208740139461,1272.9325478906437
24600,852.8125690156971,876.5938888219307,1174.371350550848
24700,852.8125690156971,875.0078892693464,1190.922780475656
24800,852.8125690156971,887.0379809111499,1176.2106134730911
24900,852.8125690156971,895.9601829348335,1272.9325478906437
25000,852.8125690156971,882.8434895686457,1181.1858952050459
25100,852.8125690156971,883.0930646709312,1149.9267091071936
25200,852.8125690156971,879.9896252315042,1177.0598045195306
25300,852.8125690156971,890.5372511641201,1190.933612106718
25400,852.8125690156971,879.7911183422195,1216.0066606089429
25500,852.8125690156971,894.6267710315716,1190.922780475656
25600,852.8125690156971,892.6925380954289,1211.8852033108121
25700,852.8125690156971,883.3607929429021,1130.1766957799773
25800,852.8125690156971,875.571797999357,1180.3141468540766
25900,852.8125690156971,887.7927961493311,1177.0598045195306
26000,852.8125690156971,882.7357243991511,1136.759752486671
26100,852.8125690156971,902.6170140469833,1190.933612106718
26200,852.8125690156971,902.7909666909014,1190.922780475656
26300,852.8125690156971,881.8568714113388,1185.0825124250566
26400,852.8125690156971,879.2821047097984,1196.3770689471814
26500,852.8125690156971,885.9780883735411,1171.7562754761477
26600,852.8125690156971,884.6320442080696,1196.3770689471814
26700,852.8125690156971,883.9049582213728,1174.371350550848
26800,852.8125690156971,886.2745137206198,1174.3695044907945
26900,852.8125690156971,908.8846539185154,1182.5256727803085
27000,852.8125690156971,885.0992095058542,1211.8852033108121
27100,852.8125690156971,876.9360165713036,1272.9325478906437
27200,852.8125690156971,878.3628900821753,1147.0602485076874
27300,852.8125690156971,878.7941832304728,1211.8852033108121
27400,852.8125690156971,897.3377972232706,1196.3770689471814
27500,852.8125690156971,888.3324786586494,1168.998586449809
27600,852.8125690156971,874.0103183889212,1196.3770689471814
27700,852.8125690156971,873.2494212895101,1114.7881036727324
27800,852.8125690156971,885.8460256222656,1174.3695044907945
27900,852.8125690156971,885.3162274211701,1190.933612106718
28000,852.8125690156971,875.0845255766217,1174.371350550848
28100,852.8125690156971,896.5368929712423,1171.5451683221065
28200,852.8125690156971,889.352856311143,1211.398749221539
28300,852.8125690156971,878.6120418650613,1163.8787390216971
28400,852.8125690156971,885.2918031015938,1171.8641863909443
28500,852.8125690156971,883.5759359979837,1211.8852033108121
28600,852.8125690156971,895.6671507708045,1176.2106134730911
28700,852.8125690156971,871.6350807933636,1160.5445744316596
28800,852.8125690156971,887.9380252114573,1211.398749221539
28900,852.8125690156971,896.2435623628372,1208.556948463455
29000,852.8125690156971,898.7025451956837,1206.663465483829
29100,852.8125690156971,888.3401307487932,1206.663465483829
29200,852.8125690156971,896.6993840334476,1193.1206607411243
29300,852.8125690156971,887.7120961413838,1190.922780475656
29400,852.8125690156971,879.0832514183495,1246.6210558096411
29500,852.8125690156971,890.382120172952,1206.663465483829
29600,852.8125690156971,887.0500518630911,1166.7905553188934
29700,852.8125690156971,878.9963066785368,1206.3862491819339
29800,852.8125690156971,877.119146807473,1208.4056007107113
29900,852.8125690156971,890.8705412859443,1176.2106134730911
30000,852.8125690156971,877.3853027968358,1155.4811694494294
30100,852.8125690156971,884.0714726646094,1190.922780475656
30200,852.8125690156971,884.4581235625333,1176.2106134730911
30300,852.8125690156971,877.6254724181067,1112.8431894673192
30400,852.8125690156971,886.3602396815761,1211.8852033108121
30500,852.8125690156971,888.2623577274803,1206.663465483829
30600,852.8125690156971,879.4509817237529,1174.3695044907945
30700,852.8125690156971,884.336387476137,1173.5392445981163
30800,852.8125690156971,884.1874713380871,1181.0515592006138
30900,852.8125690156971,900.2504126033506,1272.9325478906437
31000,852.8125690156971,889.9899472268586,1193.1206607411243
31100,852.8125690156971,882.695685731325,1200.2500804191739
31200,852.8125690156971,877.6100738994021,1211.8852033108121
31300,852.8125690156971,891.0284155266827,1181.0515592006138
31400,852.8125690156971,872.5401653976368,1128.4225004219988
31500,852.8125690156971,882.4376498289438,1177.0598045195306
31600,852.8125690156971,879.6197275911443,1171.7562754761477
31700,852.8125690156971,892.188581593628,1206.3862491819339
31800,852.8125690156971,879.7468388559817,1177.0598045195306
31900,852.8125690156971,894.7282382240727,1200.766412243939
32000,852.8125690156971,889.3607793094388,1170.8273085268215
32100,852.8125690156971,875.982667401328,1164.6688656360413
32200,852.8125690156971,890.1074734782165,1208.556948463455
32300,852.8125690156971,900.945439211028,1206.3862491819339
32400,852.8125690156971,883.8849856473706,1196.6610639309292
32500,852.8125690156971,891.1446582752701,1193.1206607411243
32600,852.8125690156971,899.4105071747766,1211.8852033108121
32700,852.8125690156971,885.6687862438467,1222.450855323995
32800,852.8125690156971,871.9048938933898,1168.998586449809
32900,852.8125690156971,892.520554961643,1209.5382345690941
33000,852.8125690156971,884.2191340572515,1196.3770689471814
33100,852.8125690156971,869.889853783011,1110.1324740892037
33200,852.8125690156971,886.9272396397239,1208.556948463455
33300,852.8125690156971,888.2035919685815,1246.6210558096411
33400,852.8125690156971,879.4559247182594,1193.1206607411243
33500,852.8125690156971,888.6799653339783,1211.8852033108121
33600,852.8125690156971,874.2236076929403,1190.933612106718
33700,852.8125690156971,878.5928198810794,1235.2626144369162
33800,852.8125690156971,884.9498439863404,1190.922780475656
33900,852.8125690156971,898.942836295055,1206.3862491819339
34000,852.8125690156971,888.7213213635614,1211.398749221539
34100,852.8125690156971,889.0993531993456,1211.398749221539
34200,852.8125690156971,887.8225041541966,1182.5256727803085
34300,852.8125690156971,888.8407873283753,1145.919761513721
34400,852.8125690156971,892.2963346764329,1211.398749221539
34500,852.8125690156971,897.8476408007533,1200.766412243939
34600,852.8125690156971,873.1490493730124,1167.4805214400546
34700,852.8125690156971,881.723948944034,1146.7799806093226
34800,852.8125690156971,888.5783264571742,1131.7480648513508
34900,852.8125690156971,900.917742417672,1187.0680423422039
35000,852.8125690156971,886.8689609634038,1182.5256727803085
35100,852.8125690156971,896.1143206752199,1186.9465104292217
35200,852.8125690156971,883.7516512510754,1187.0680423422039
35300,852.8125690156971,876.1486828177724,1196.6610639309292
35400,852.8125690156971,888.3300461020563,1196.3770689471814
35500,852.8125690156971,904.265191479766,1200.766412243939
35600,852.8125690156971,888.1066815673653,1135.466749263495
35700,852.8125690156971,895.253260149882,1200.2500804191739
35800,852.8125690156971,877.5375115310737,1272.9325478906437
35900,852.8125690156971,887.2296988521805,1190.933612106718
36000,852.8125690156971,890.9154250881564,1246.6210558096411
36100,852.8125690156971,881.6710728241216,1196.6610639309292
36200,852.8125690156971,875.5132494427967,1185.0825124250566
36300,852.8125690156971,877.2800217185436,1142.0294358934636
36400,852.8125690156971,896.9892190137488,1185.0825124250566
36500,852.8125690156971,884.8168881497696,1246.6210558096411
36600,852.8125690156971,904.1793338086046,1190.922780475656
36700,852.8125690156971,886.857149256188,1172.4569817004108
36800,852.8125690156971,886.5302931536273,1246.7100628237558
36900,852.8125690156971,894.7832501620933,1190.933612106718
37000,852.8125690156971,895.5267098967535,1181.1858952050459
37100,852.8125690156971,883.3496376431042,1163.5293376016464
37200,852.8125690156971,876.7466601941653,1160.2761678187767
37300,852.8125690156971,890.3963749198363,1246.6210558096411
37400,852.8125690156971,875.622604984588,1142.0294358934636
37500,852.8125690156971,877.869253592666,1180.3141468540766
37600,852.8125690156971,875.30594686622,1157.2697011464563
37700,852.8125690156971,875.2393580106043,1171.7562754761477
37800,852.8125690156971,878.1009674929671,1174.3695044907945
37900,852.8125690156971,884.5476149339163,1174.3695044907945
38000,852.8125690156971,891.3302909914071,1170.8273085268215
38100,852.8125690156971,885.9127857833357,1180.3141468540766
38200,852.8125690156971,887.0213422919729,1155.4811694494294
38300,852.8125690156971,884.0312531891426,1180.3141468540766
38400,852.8125690156971,893.6459154298188,1185.0825124250566
38500,852.8125690156971,894.177605210053,1172.4569817004108
38600,852.8125690156971,897.5787811506857,1272.9325478906437
38700,852.8125690156971,902.9239139973705,1196.6610639309292
38800,852.8125690156971,893.7641382908736,1211.398749221539
38900,852.8125690156971,888.224840699773,1199.0636564404433
39000,852.8125690156971,892.6053099055284,1242.6981693627024
39100,852.8125690156971,890.7250346339176,1246.6210558096411
39200,852.8125690156971,883.709306322665,1196.6610639309292
39300,852.8125690156971,873.8317498320249,1154.6742507104711
39400,852.8125690156971,879.1510662718864,1200.766412243939
39500,852.8125690156971,887.8956072574597,1163.947129437455
39600,852.8125690156971,886.1862735701588,1181.1858952050459
39700,852.8125690156971,887.3323334792377,1200.2500804191739
39800,852.8125690156971,891.1619064278104,1164.6688656360413
39900,852.8125690156971,890.8648144138429,1208.556948463455
40000,852.8125690156971,896.2668631185254,1211.8852033108121
40100,852.8125690156971,883.3732815623246,1208.556948463455
40200,852.8125690156971,887.2973649913152,1246.6210558096411
40300,852.8125690156971,876.7223812708236,1174.371350550848
40400,852.8125690156971,892.2660034952781,1208.556948463455
40500,852.8125690156971,900.646467795473,1263.604372973246
40600,852.8125690156971,890.38782543925,1211.8852033108121
40700,852.8125690156971,886.013481032099,1181.1858952050459
40800,852.8125690156971,874.8687591761561,1160.2761678187767
40900,852.8125690156971,890.4823543016385,1246.6210558096411
41000,852.8125690156971,870.9173557550131,1156.475238196133
41100,852.8125690156971,880.0320213116212,1206.663465483829
41200,852.8125690156971,898.6940745025514,1208.556948463455
41300,852.8125690156971,887.9999690630408,1200.766412243939
41400,852.8125690156971,881.3071934643034,1149.9267091071936
41500,852.8125690156971,893.5536680018828,1163.947129437455
41600,852.8125690156971,892.7173245352542,1206.663465483829
41700,852.8125690156971,882.8766169315472,1157.8763543985901
41800,852.8125690156971,898.0981898610972,1206.3862491819339
41900,852.8125690156971,885.9020883469846,1196.6610639309292
42000,852.8125690156971,877.6484471445764,1200.766412243939
42100,852.8125690156971,869.1302271178323,1206.3862491819339
42200,852.8125690156971,886.4909423771372,1190.933612106718
42300,852.8125690156971,894.1846231390558,1181.922297617639
42400,852.8125690156971,885.818294400923,1168.913410915333
42500,852.8125690156971,887.2826035412263,1187.0680423422039
42600,852.8125690156971,872.4069182099608,1171.7562754761477
42700,852.8125690156971,879.5111879632626,1190.922780475656
42800,852.8125690156971,883.6786540912217,1208.556948463455
42900,852.8125690156971,891.5198436294179,1196.6610639309292
43000,852.8125690156971,892.3577569526136,1272.9325478906437
43100,852.8125690156971,886.3202330560654,1147.0602485076874
43200,852.8125690156971,884.6518025317666,1173.5392445981163
43300,852.8125690156971,887.2732973121051,1186.9465104292217
43400,852.8125690156971,897.1777277498567,1206.3862491819339
43500,852.8125690156971,881.4473217810533,1130.1766957799773
43600,852.8125690156971,881.5871999863012,1180.3141468540766
43700,852.8125690156971,874.830037412543,1142.437069798745
43800,852.8125690156971,883.9569228043002,1211.398749221539
43900,852.8125690156971,879.922558117463,1196.6610639309292
44000,852.8125690156971,882.0359125883609,1142.0294358934636
44100,852.8125690156971,889.1142980048558,1181.922297617639
44200,852.8125690156971,908.6036272961137,1200.2500804191739
44300,852.8125690156971,877.8510211489778,1208.556948463455
44400,852.8125690156971,884.9099190906265,1168.998586449809
44500,852.8125690156971,892.4650148097572,1206.3862491819339
44600,852.8125690156971,889.8590667671159,1172.4569817004108
44700,852.8125690156971,882.8734037574966,1187.0680423422039
44800,852.8125690156971,877.263991943152,1246.6210558096411
44900,852.8125690156971,884.4108430318878,1206.3862491819339
45000,852.8125690156971,894.5284944668254,1272.9325478906437
45100,852.8125690156971,875.9662951908944,1185.0825124250566
45200,852.8125690156971,884.6116671770536,1166.0445978021828
45300,852.8125690156971,880.3569435916522,1200.766412243939
45400,852.8125690156971,882.8430544794783,1208.556948463455
45500,852.8125690156971,882.5137095575255,1177.0598045195306
45600,852.8125690156971,881.2611240557873,1180.3141468540766
45700,852.8125690156971,889.4686944505945,1173.4722533026506
45800,852.8125690156971,881.3242250725025,1173.4722533026506
45900,852.8125690156971,902.4560828385937,1190.933612106718
46000,852.8125690156971,886.9180080681648,1174.3695044907945
46100,852.8125690156971,878.5177127975145,1163.5293376016464
46200,852.8125690156971,890.7142682168264,1173.4722533026506
46300,852.8125690156971,896.6998342728464,1174.371350550848
46400,852.8125690156971,882.3932258131209,1109.7839147069512
46500,852.8125690156971,878.5364612353701,1200.766412243939
46600,852.8125690156971,886.6676006526051,1206.3862491819339
46700,852.8125690156971,879.4570893453376,1142.437069798745
46800,852.8125690156971,889.0836261039719,1176.2106134730911
46900,852.8125690156971,884.2787036032413,1151.74339712746
47000,852.8125690156971,891.6836782767258,1211.8852033108121
47100,852.8125690156971,877.3486347054949,1171.7562754761477
47200,852.8125690156971,890.0554421381744,1208.556948463455
47300,852.8125690156971,879.7699147008984,1151.74339712746
47400,852.8125690156971,881.9245194336041,1176.2106134730911
47500,852.8125690156971,887.1708806018828,1193.1206607411243
47600,852.8125690156971,882.8702762526714,1180.3141468540766
47700,852.8125690156971,881.931779078378,1211.398749221539
47800,852.8125690156971,889.5264178169116,1272.9325478906437
47900,852.8125690156971,878.0350330219295,1196.6610639309292
48000,852.8125690156971,873.0605889891896,1176.2106134730911
48100,852.8125690156971,896.5384761224408,1263.604372973246
48200,852.8125690156971,913.6007872276247,1190.922780475656
48300,852.8125690156971,891.9075734960561,1186.9465104292217
48400,852.8125690156971,894.1989317992007,1200.2500804191739
48500,852.8125690156971,875.033609742903,1165.3818222342934
48600,852.8125690156971,876.980534970507,1160.5445744316596
48700,852.8125690156971,884.3833162024883,1195.439169612775
48800,852.8125690156971,884.7370840869378,1176.2106134730911
48900,852.8125690156971,905.2911554342204,1246.6210558096411
49000,852.8125690156971,878.1758492319366,1181.0515592006138
49100,852.8125690156971,899.9047840909215,1206.663465483829
49200,852.8125690156971,888.8451502302181,1171.8641863909443
49300,852.8125690156971,878.6970769976913,1176.2106134730911
49400,852.8125690156971,865.5946095833243,1104.7667942371331
49500,852.8125690156971,890.314038634921,1272.9325478906437
49600,852.8125690156971,896.790066982898,1155.3886798147096
49700,852.8125690156971,898.8594490179808,1272.9325478906437
49800,852.8125690156971,892.3405441237388,1193.1206607411243
49900,852.8125690156971,876.9965160135187,1196.3770689471814
50000,852.8125690156971,901.1981040116434,1170.8273085268215
50100,852.8125690156971,892.5090040058087,1208.556948463455
50200,852.8125690156971,876.2629076877129,1103.600325587518
50300,852.8125690156971,880.3957947991274,1131.7480648513508
50400,852.8125690156971,894.987578265597,1190.933612106718
50500,852.8125690156971,883.3554957075057,1176.2106134730911
50600,852.8125690156971,879.6752196578302,1147.5844166612285
50700,852.8125690156971,887.1281144689776,1200.2500804191739
50800,852.8125690156971,891.4257362423059,1206.663465483829
50900,852.8125690156971,890.7924218002039,1246.6210558096411
51000,852.8125690156971,871.5843493331321,1155.6901299239034
51100,852.8125690156971,882.62094174207,1182.5256727803085
51200,852.8125690156971,878.4966168273879,1187.0680423422039
51300,852.8125690156971,900.0486925726902,1177.0598045195306
51400,852.8125690156971,898.2162442623537,1206.663465483829
51500,852.8125690156971,890.7750509207847,1166.7905553188934
51600,852.8125690156971,894.2097927724346,1196.3770689471814
51700,852.8125690156971,885.6519056984228,1206.3862491819339
51800,852.8125690156971,878.9897750212933,1187.0680423422039
51900,852.8125690156971,881.4273748923889,1185.0825124250566
52000,852.8125690156971,882.979241601539,1174.3695044907945
52100,852.8125690156971,897.4653034748568,1187.0680423422039
52200,852.8125690156971,878.314519292659,1142.8937312155942
52300,852.8125690156971,890.1817488880387,1181.922297617639
52400,852.8125690156971,897.3719842072326,1272.9325478906437
52500,852.8125690156971,882.1431073374698,1174.371350550848
52600,852.8125690156971,897.6207074484214,1206.3862491819339
52700,852.8125690156971,877.2594738273576,1156.6650064567352
52800,852.8125690156971,892.1795877098249,1272.9325478906437
52900,852.8125690156971,881.4924697127253,1163.947129437455
53000,852.8125690156971,896.436622208652,1200.766412243939
53100,852.8125690156971,885.987082970749,1170.8273085268215
53200,852.8125690156971,889.5345589214605,1211.398749221539
53300,852.8125690156971,890.3841714781847,1246.6210558096411
53400,852.8125690156971,888.2878725618867,1181.1858952050459
53500,852.8125690156971,877.5308201576513,1171.8641863909443
53600,852.8125690156971,880.9668399518124,1144.62258571956
53700,852.8125690156971,887.7005249000188,1174.371350550848
53800,852.8125690156971,892.6884767206825,1185.0825124250566
53900,852.8125690156971,879.6192707130084,1163.947129437455
54000,852.8125690156971,891.2372568516515,1187.0680423422039
54100,852.8125690156971,889.1091028433303,1182.5256727803085
54200,852.8125690156971,887.565981036164,1208.556948463455
54300,852.8125690156971,893.5989147168575,1138.58008498906
54400,852.8125690156971,898.2198773522333,1272.9325478906437
54500,852.8125690156971,890.8812656197681,1187.0680423422039
54600,852.8125690156971,890.2890940033,1190.933612106718
54700,852.8125690156971,865.0405828350614,1093.241834281193
54800,852.8125690156971,887.2716151560559,1206.3862491819339
54900,852.8125690156971,875.739970872739,1167.4805214400546
55000,852.8125690156971,884.2431566915553,1206.3862491819339
55100,852.8125690156971,874.7420034216202,1166.0445978021828
55200,852.8125690156971,889.6097410158088,1211.398749221539
55300,852.8125690156971,886.6383063676891,1155.8891639727433
55400,852.8125690156971,880.2722598733839,1216.8831361903972
55500,852.8125690156971,879.4554737578826,1186.9465104292217
55600,852.8125690156971,899.7551909687971,1196.6610639309292
55700,852.8125690156971,903.4422960001543,1185.0825124250566
55800,852.8125690156971,888.6920501905568,1168.998586449809
55900,852.8125690156971,881.6275187779402,1171.8641863909443
56000,852.8125690156971,882.0661357724239,1173.5392445981163
56100,852.8125690156971,904.1791242523224,1246.6210558096411
56200,852.8125690156971,891.2694544974348,1246.6210558096411
56300,852.8125690156971,900.5933969401244,1246.6210558096411
56400,852.8125690156971,893.478088081612,1246.6210558096411
56500,852.8125690156971,899.6127734047272,1196.3770689471814
56600,852.8125690156971,897.9364508036923,1193.1206607411243
56700,852.8125690156971,881.9858474375055,1211.398749221539
56800,852.8125690156971,877.632179685307,1190.933612106718
56900,852.8125690156971,888.1915890354863,1190.922780475656
57000,852.8125690156971,880.3249126408883,1173.4722533026506
57100,852.8125690156971,884.0543451035139,1159.0453369882273
57200,852.8125690156971,883.5708769144752,1200.2500804191739
57300,852.8125690156971,874.6032584937415,1200.766412243939
57400,852.8125690156971,907.7241617042913,1272.9325478906437
57500,852.8125690156971,871.5017552060715,1126.6529974919204
57600,852.8125690156971,892.2434102896218,1208.556948463455
57700,852.8125690156971,889.9485687864518,1190.933612106718
57800,852.8125690156971,884.808586035679,1211.398749221539
57900,852.8125690156971,877.3138476209051,1164.6688656360413
58000,852.8125690156971,885.743783151122,1190.933612106718
58100,852.8125690156971,886.5072382134255,1196.6610639309292
58200,852.8125690156971,879.7636686211002,1165.3818222342934
58300,852.8125690156971,880.764216596411,1200.2500804191739
58400,852.8125690156971,879.3155434850593,1126.2032211955163
58500,852.8125690156971,883.6548012456161,1246.6210558096411
58600,852.8125690156971,884.4702061434544,1166.0445978021828
58700,852.8125690156971,887.114475098306,1177.0598045195306
58800,852.8125690156971,884.2640711778516,1160.2761678187767
58900,852.8125690156971,898.4468190001661,1211.8852033108121
59000,852.8125690156971,885.1039002503953,1219.6958191361553
59100,852.8125690156971,881.4326889035883,1136.759752486671
59200,852.8125690156971,877.8920752360244,1173.5392445981163
59300,852.8125690156971,880.7921460538523,1187.0680423422039
59400,852.8125690156971,898.7550559878363,1208.556948463455
59500,852.8125690156971,886.2890692068363,1170.8273085268215
59600,852.8125690156971,893.7573808150206,1200.2500804191739
59700,852.8125690156971,879.1929872502536,1200.2500804191739
59800,852.8125690156971,891.2773440029403,1196.3770689471814
59900,852.8125690156971,885.4728586796015,1211.398749221539
60000,852.8125690156971,883.6525600138473,1142.0294358934636
60100,852.8125690156971,881.703943598974,1200.2500804191739
60200,852.8125690156971,890.026728056916,1176.2106134730911
60300,852.8125690156971,880.5442911296394,1163.8787390216971
60400,852.8125690156971,880.5811807852581,1190.922780475656
60500,852.8125690156971,890.7740818140886,1182.5256727803085
60600,852.8125690156971,891.6510292582273,1206.663465483829
60700,852.8125690156971,877.7568470429626,1157.8763543985901
60800,852.8125690156971,876.6042030996157,1171.8641863909443
60900,852.8125690156971,879.2223609461745,1155.4811694494294
61000,852.8125690156971,890.5717820379462,1206.663465483829
61100,852.8125690156971,882.9551480394169,1163.8787390216971
61200,852.8125690156971,887.5812706380534,1196.3770689471814
61300,852.8125690156971,876.7372890227571,1166.7905553188934
61400,852.8125690156971,893.8457273395663,1177.0598045195306
61500,852.8125690156971,878.9901697761867,1177.0598045195306
61600,852.8125690156971,871.9601384168991,1159.0453369882273
61700,852.8125690156971,878.4378196878804,1155.6901299239034
61800,852.8125690156971,871.9723604744765,1176.2106134730911
61900,852.8125690156971,889.1233667940977,1193.1206607411243
62000,852.8125690156971,882.9580632028069,1170.8273085268215
62100,852.8125690156971,883.9059788683785,1121.3577719631107
62200,852.8125690156971,876.3603758885944,1155.6901299239034
62300,852.8125690156971,877.4136149117445,1208.556948463455
62400,852.8125690156971,887.9251984143926,1211.8852033108121
62500,852.8125690156971,892.5351753881931,1173.5392445981163
62600,852.8125690156971,868.5649786041167,1137.3562775183445
62700,852.8125690156971,877.5610992922207,1098.7509256545363
62800,852.8125690156971,885.0732278674858,1181.0515592006138
62900,852.8125690156971,903.2131831976667,1200.2500804191739
63000,852.8125690156971,894.61281285755,1173.5392445981163
63100,852.8125690156971,894.7848556013696,1206.3862491819339
63200,852.8125690156971,901.029518211612,1272.9325478906437
63300,852.8125690156971,888.9280466014873,1196.3770689471814
63400,852.8125690156971,887.60439637294,1272.9325478906437
63500,852.8125690156971,903.5551970647901,1272.9325478906437
63600,852.8125690156971,890.677390000194,1182.5256727803085
63700,852.8125690156971,883.7858418939463,1272.9325478906437
63800,852.8125690156971,885.3047242848064,1145.919761513721
63900,852.8125690156971,883.4928142537786,1208.556948463455
64000,852.8125690156971,885.5134513699082,1181.1858952050459
64100,852.8125690156971,903.5702401068386,1193.1206607411243
64200,852.8125690156971,885.8012883899639,1196.6610639309292
64300,852.8125690156971,885.2644212625657,1190.933612106718
64400,852.8125690156971,878.3880683644688,1155.3886798147096
64500,852.8125690156971,881.3970167024269,1181.1858952050459
64600,852.8125690156971,888.8686014481463,1196.3770689471814
64700,852.8125690156971,882.2907946124396,1182.5256727803085
64800,852.8125690156971,872.6776484431352,1144.62258571956
64900,852.8125690156971,872.7324796175824,1163.8787390216971
65000,852.8125690156971,880.6758821754024,1208.556948463455
65100,852.8125690156971,902.0682948873942,1190.933612106718
65200,852.8125690156971,887.487824360697,1155.2548542646632
65300,852.8125690156971,888.8957876574372,1200.2500804191739
65400,852.8125690156971,882.7102461008985,1190.922780475656
65500,852.8125690156971,885.8835203845576,1165.3818222342934
65600,852.8125690156971,888.4154410672128,1211.398749221539
65700,852.8125690156971,885.2360892754418,1181.0515592006138
65800,852.8125690156971,882.7544896588588,1206.3862491819339
65900,852.8125690156971,873.7436776291061,1206.3862491819339
66000,852.8125690156971,890.1809734674356,1190.922780475656
66100,852.8125690156971,882.9291449409544,1156.6650064567352
66200,852.8125690156971,871.271878512559,1190.933612106718
66300,852.8125690156971,885.9156611785479,1181.1858952050459
66400,852.8125690156971,880.651363424287,1155.8891639727433
66500,852.8125690156971,872.5578290315783,1157.8763543985901
66600,852.8125690156971,882.3043444632075,1182.5256727803085
66700,852.8125690156971,883.2128315306334,1137.3562775183445
66800,852.8125690156971,880.6196559574652,1163.947129437455
66900,852.8125690156971,893.4139182678416,1181.1858952050459
67000,852.8125690156971,881.7903694135897,1155.8891639727433
67100,852.8125690156971,888.9487100046691,1206.3862491819339
67200,852.8125690156971,886.3176590978167,1181.0515592006138
67300,852.8125690156971,890.7845945558834,1211.398749221539
67400,852.8125690156971,875.4834097605369,1126.7497763841423
67500,852.8125690156971,887.1532859113415,1173.4722533026506
67600,852.8125690156971,890.5633304827992,1173.5392445981163
67700,852.8125690156971,885.4610876348773,1246.6210558096411
67800,852.8125690156971,890.961259750389,1200.2500804191739
67900,852.8125690156971,893.0561642030672,1206.663465483829
68000,852.8125690156971,892.3329677013259,1200.2500804191739
68100,852.8125690156971,891.1467694348684,1187.0680423422039
68200,852.8125690156971,902.743567252564,1190.922780475656
68300,852.8125690156971,896.1975568162944,1211.8852033108121
68400,852.8125690156971,870.5622841604775,1145.919761513721
68500,852.8125690156971,883.2933389576201,1208.556948463455
68600,852.8125690156971,894.9151102023834,1190.922780475656
68700,852.8125690156971,882.6756036507194,1206.663465483829
68800,852.8125690156971,888.352293002163,1172.4569817004108
68900,852.8125690156971,896.0317104113012,1200.2500804191739
69000,852.8125690156971,894.4626598687782,1193.1206607411243
69100,852.8125690156971,899.50315634192,1272.9325478906437
69200,852.8125690156971,896.9907967498627,1211.8852033108121
69300,852.8125690156971,871.1873856692847,1185.0825124250566
69400,852.8125690156971,891.5533589702499,1272.9325478906437
69500,852.8125690156971,881.2311999041603,1160.2761678187767
69600,852.8125690156971,883.5629987547555,1181.1858952050459
69700,852.8125690156971,898.9014495741354,1174.371350550848
69800,852.8125690156971,892.8902242888071,1208.556948463455
69900,852.8125690156971,883.5431862950396,1155.6901299239034
70000,852.8125690156971,891.7035925404605,1200.2500804191739
70100,852.8125690156971,894.9417789621901,1272.9325478906437
70200,852.8125690156971,895.4284299089948,1208.556948463455
70300,852.8125690156971,879.020976120904,1193.1206607411243
70400,852.8125690156971,885.5146417554894,1190.922780475656
70500,852.8125690156971,886.9424101854661,1190.933612106718
70600,852.8125690156971,887.4016189104581,1196.6610639309292
70700,852.8125690156971,898.5340219305475,1211.8852033108121
70800,852.8125690156971,882.7676700821094,1170.8273085268215
70900,852.8125690156971,896.5681597359372,1208.556948463455
71000,852.8125690156971,884.5478691544486,1196.6610639309292
71100,852.8125690156971,894.1680816081964,1177.0598045195306
71200,852.8125690156971,903.6998267853104,1174.371350550848
71300,852.8125690156971,891.872583548507,1206.663465483829
71400,852.8125690156971,880.8302158621691,1180.3141468540766
71500,852.8125690156971,898.1126678135319,1246.6210558096411
71600,852.8125690156971,888.5992727847631,1272.9325478906437
71700,852.8125690156971,881.6213168094888,1200.766412243939
71800,852.8125690156971,883.3835321589443,1272.9325478906437
71900,852.8125690156971,879.1732253226953,1190.933612106718
72000,852.8125690156971,878.9224995987535,1211.398749221539
72100,852.8125690156971,883.1089691461017,1200.766412243939
72200,852.8125690156971,876.1076383088299,1151.74339712746
72300,852.8125690156971,883.33465134811,1182.5256727803085
72400,852.8125690156971,876.4865748113117,1157.036450267638
72500,852.8125690156971,876.532852238791,1167.4805214400546
72600,852.8125690156971,890.6440620122005,1196.3770689471814
72700,852.8125690156971,883.6723596902328,1172.4569817004108
72800,852.8125690156971,881.0308079281848,1181.1858952050459
72900,852.8125690156971,879.0452617961942,1200.766412243939
73000,852.8125690156971,869.0936091659652,1157.036450267638
73100,852.8125690156971,885.3777126919969,1157.2697011464563
73200,852.8125690156971,880.6249740417916,1176.2106134730911
73300,852.8125690156971,879.7686294418451,1128.8453526390535
73400,852.8125690156971,876.4268843937581,1171.8641863909443
73500,852.8125690156971,901.6636890706233,1165.3818222342934
73600,852.8125690156971,892.3840058266994,1206.663465483829
73700,852.8125690156971,872.5140773600749,1149.9267091071936
73800,852.8125690156971,883.5231681164518,1200.766412243939
73900,852.8125690156971,888.2845708632605,1177.0598045195306
74000,852.8125690156971,905.0664673200652,1254.6549787452118
74100,852.8125690156971,901.1649071591441,1211.398749221539
74200,852.8125690156971,900.0626188208288,1173.5392445981163
74300,852.8125690156971,898.5654366544281,1172.4569817004108
74400,852.8125690156971,896.0835176244916,1211.8852033108121
74500,852.8125690156971,889.0251390537644,1208.556948463455
74600,852.8125690156971,881.2280438770736,1211.398749221539
74700,852.8125690156971,885.8117238035885,1144.641012050208
74800,852.8125690156971,877.0872460368323,1170.8273085268215
74900,852.8125690156971,887.9053669323444,1163.8787390216971
75000,852.8125690156971,886.1133108138683,1206.3862491819339
75100,852.8125690156971,872.7936208916269,1190.933612106718
75200,852.8125690156971,897.2939871527101,1187.0680423422039
75300,852.8125690156971,892.0689026248457,1186.9465104292217
75400,852.8125690156971,883.6097594977067,1200.766412243939
75500,852.8125690156971,878.0456625414557,1157.8763543985901
75600,852.8125690156971,882.4019520966755,1171.7562754761477
75700,852.8125690156971,901.5822782672147,1272.9325478906437
75800,852.8125690156971,882.4568908677668,1200.2500804191739
75900,852.8125690156971,872.6738653986462,1146.7799806093226
76000,852.8125690156971,876.8643049091157,1206.3862491819339
76100,852.8125690156971,881.8787582169327,1156.6650064567352
76200,852.8125690156971,876.155663931154,1246.6210558096411
76300,852.8125690156971,902.9949575337433,1272.9325478906437
76400,852.8125690156971,876.3565129883848,1176.2106134730911
76500,852.8125690156971,884.1821326666762,1173.4722533026506
76600,852.8125690156971,899.533742012402,1200.2500804191739
76700,852.8125690156971,880.1604209815711,1211.8852033108121
76800,852.8125690156971,888.2918137751562,1206.663465483829
76900,852.8125690156971,893.8080054909944,1208.556948463455
77000,852.8125690156971,899.808157979737,1181.922297617639
77100,852.8125690156971,887.8066404756216,1200.766412243939
77200,852.8125690156971,879.9055477505843,1159.0453369882273
77300,852.8125690156971,900.2411996239862,1206.3862491819339
77400,852.8125690156971,881.7205512755662,1181.922297617639
77500,852.8125690156971,885.1748060411971,1166.0445978021828
77600,852.8125690156971,891.5403941140037,1181.1858952050459
77700,852.8125690156971,893.9087036661107,1211.398749221539
77800,852.8125690156971,869.8886959888322,1180.3141468540766
77900,852.8125690156971,882.653147266334,1157.2697011464563
78000,852.8125690156971,895.7888362389983,1208.556948463455
78100,852.8125690156971,891.3046757681933,1208.556948463455
78200,852.8125690156971,898.2837663256581,1272.9325478906437
78300,852.8125690156971,889.8480072994382,1190.922780475656
78400,852.8125690156971,889.4569325246116,1200.766412243939
78500,852.8125690156971,882.0196379374753,1152.3680553793117
78600,852.8125690156971,873.1948487141553,1155.8891639727433
78700,852.8125690156971,894.4457564843755,1211.398749221539
78800,852.8125690156971,888.5120218124918,1156.6650064567352
78900,852.8125690156971,894.5646022268004,1185.0825124250566
79000,852.8125690156971,896.2753510371939,1163.5293376016464
79100,852.8125690156971,875.7564599460592,1128.4225004219988
79200,852.8125690156971,885.5187733290554,1186.9465104292217
79300,852.8125690156971,896.9630147771499,1185.0825124250566
79400,852.8125690156971,876.1018844592171,1166.0445978021828
79500,852.8125690156971,880.2949554159845,1200.766412243939
79600,852.8125690156971,888.607056229976,1142.437069798745
79700,852.8125690156971,901.6333921889502,1208.556948463455
79800,852.8125690156971,880.0702541502478,1246.6210558096411
79900,852.8125690156971,893.853477230039,1206.663465483829
80000,852.8125690156971,879.932685774037,1174.3695044907945
80100,852.8125690156971,877.6743600172248,1165.3818222342934
80200,852.8125690156971,882.2325497527594,1181.0515592006138
80300,852.8125690156971,893.3795855088381,1182.5256727803085
80400,852.8125690156971,880.3937149292537,1149.061234266123
80500,852.8125690156971,909.5057322083544,1272.9325478906437
80600,852.8125690156971,885.1839501199913,1206.3862491819339
80700,852.8125690156971,889.738206268217,1182.5256727803085
80800,852.8125690156971,888.2064274122317,1168.998586449809
80900,852.8125690156971,886.7859701315326,1176.0751413236403
81000,852.8125690156971,879.6088595727393,1180.3141468540766
81100,852.8125690156971,883.6365571505055,1167.4805214400546
81200,852.8125690156971,867.0412248303059,1174.371350550848
81300,852.8125690156971,876.9068784224129,1181.922297617639
81400,852.8125690156971,876.3393375214519,1160.5445744316596
81500,852.8125690156971,895.6206838817856,1246.6210558096411
81600,852.8125690156971,872.3941360379272,1155.8891639727433
81700,852.8125690156971,891.7786488238744,1171.7562754761477
81800,852.8125690156971,879.8429255219614,1196.6610639309292
81900,852.8125690156971,882.0374094406193,1186.9465104292217
82000,852.8125690156971,891.9334838167895,1206.3862491819339
82100,852.8125690156971,889.3181956767464,1171.8641863909443
82200,852.8125690156971,873.0739801018132,1200.2500804191739
82300,852.8125690156971,895.9901449584908,1211.8852033108121
82400,852.8125690156971,875.9463181859195,1174.3695044907945
82500,852.8125690156971,873.6520181505393,1173.4722533026506
82600,852.8125690156971,880.7896334076531,1147.0602485076874
82700,852.8125690156971,877.6210367473207,1129.7686318850804
82800,852.8125690156971,880.0574104161377,1193.1206607411243
82900,852.8125690156971,884.2032350188297,1171.7562754761477
83000,852.8125690156971,881.3705820572884,1171.7562754761477
83100,852.8125690156971,876.0860878182307,1142.8937312155942
83200,852.8125690156971,894.7104001576887,1171.8641863909443
83300,852.8125690156971,881.0539694680608,1168.913410915333
83400,852.8125690156971,880.504201274691,1167.4805214400546
83500,852.8125690156971,877.3669301019042,1170.8273085268215
83600,852.8125690156971,879.6475559054326,1173.5392445981163
83700,852.8125690156971,891.6618947360263,1147.5844166612285
83800,852.8125690156971,890.4956238444597,1147.5844166612285
83900,852.8125690156971,880.6378238778324,1211.8852033108121
84000,852.8125690156971,874.1885503273108,1181.0515592006138
84100,852.8125690156971,885.3624919107183,1155.4811694494294
84200,852.8125690156971,881.3472477218492,1171.7562754761477
84300,852.8125690156971,887.8177789706809,1181.922297617639
84400,852.8125690156971,885.4363256582004,1164.6688656360413
84500,852.8125690156971,891.5990601566003,1193.1206607411243
84600,852.8125690156971,888.3915906915927,1211.8852033108121
84700,852.8125690156971,875.5217683766019,1155.8891639727433
84800,852.8125690156971,888.5164708146049,1173.5392445981163
84900,852.8125690156971,890.953412656972,1173.4722533026506
85000,852.8125690156971,888.501942480392,1185.0825124250566
85100,852.8125690156971,894.9362685790157,1246.6210558096411
85200,852.8125690156971,889.6537840621792,1206.663465483829
85300,852.8125690156971,879.9132266525968,1196.6610639309292
85400,852.8125690156971,876.857714457438,1174.371350550848
85500,852.8125690156971,885.8160260860537,1187.0680423422039
85600,852.8125690156971,888.4467438204003,1206.663465483829
85700,852.8125690156971,886.1893764276346,1177.0598045195306
85800,852.8125690156971,885.072596960084,1185.0825124250566
85900,852.8125690156971,888.123758986674,1190.933612106718
86000,852.8125690156971,878.9230687187925,1181.0515592006138
86100,852.8125690156971,898.4522190965513,1272.9325478906437
86200,852.8125690156971,882.7130567420741,1185.0825124250566
86300,852.8125690156971,884.4916982745236,1171.7562754761477
86400,852.8125690156971,886.6169965340986,1196.6610639309292
86500,852.8125690156971,880.7114132475263,1185.0825124250566
86600,852.8125690156971,875.9315338220258,1177.0598045195306
86700,852.8125690156971,879.8983780653003,1246.6210558096411
86800,852.8125690156971,896.444372678342,1200.2500804191739
86900,852.8125690156971,889.6661174969812,1165.3818222342934
87000,852.8125690156971,881.790252968935,1174.3695044907945
87100,852.8125690156971,885.6866554059801,1246.6210558096411
87200,852.8125690156971,892.4029856986159,1196.6610639309292
87300,852.8125690156971,885.0839891048887,1206.3862491819339
87400,852.8125690156971,870.7721288278251,1147.0602485076874
87500,852.8125690156971,895.1483458194613,1156.475238196133
87600,852.8125690156971,878.5777209066587,1190.933612106718
87700,852.8125690156971,887.5503724990161,1246.6210558096411
87800,852.8125690156971,898.5807636326172,1246.6210558096411
87900,852.8125690156971,877.0804979893824,1166.0445978021828
88000,852.8125690156971,886.5851451609223,1154.9955158767207
88100,852.8125690156971,883.6623939239659,1181.0515592006138
88200,852.8125690156971,882.1020917548117,1180.3141468540766
88300,852.8125690156971,881.2036370079257,1211.398749221539
88400,852.8125690156971,892.2944484826386,1162.8069279752458
88500,852.8125690156971,887.1248575408521,1155.3886798147096
88600,852.8125690156971,890.8208937607304,1208.556948463455
88700,852.8125690156971,882.9602820691418,1157.036450267638
88800,852.8125690156971,881.0319260686201,1129.960640955509
88900,852.8125690156971,890.4309557245438,1196.3770689471814
89000,852.8125690156971,879.8512708324535,1200.2500804191739
89100,852.8125690156971,890.1087243296205,1246.6210558096411
89200,852.8125690156971,890.2871017069856,1172.4569817004108
89300,852.8125690156971,879.9101483095727,1157.2697011464563
89400,852.8125690156971,878.9195991374154,1167.4805214400546
89500,852.8125690156971,884.9867289277558,1272.9325478906437
89600,852.8125690156971,881.9129900008068,1164.6688656360413
89700,852.8125690156971,886.4880655311234,1164.6688656360413
89800,852.8125690156971,886.4477393598687,1200.2500804191739
89900,852.8125690156971,874.8055179611115,1066.667415323875
90000,852.8125690156971,898.2109816269683,1170.8273085268215
90100,852.8125690156971,905.7694234003877,1246.6210558096411
90200,852.8125690156971,882.6977617779614,1211.8852033108121
90300,852.8125690156971,893.248414519293,1173.5392445981163
90400,852.8125690156971,897.8229082414609,1208.556948463455
90500,852.8125690156971,876.3902906775475,1206.3862491819339
90600,852.8125690156971,870.338462922906,1163.8787390216971
90700,852.8125690156971,877.2390707972563,1155.4811694494294
90800,852.8125690156971,892.9944305959772,1196.6610639309292
90900,852.8125690156971,874.002133256694,1181.1858952050459
91000,852.8125690156971,897.0121208508479,1193.1206607411243
91100,852.8125690156971,896.4586814227127,1246.6210558096411
91200,852.8125690156971,882.9321755018501,1176.2106134730911
91300,852.8125690156971,893.2149533696297,1200.2500804191739
91400,852.8125690156971,881.2594922058977,1239.2450192753033
91500,852.8125690156971,883.59311345346,1196.6610639309292
91600,852.8125690156971,891.5467329072782,1211.8852033108121
91700,852.8125690156971,899.7696959092842,1211.398749221539
91800,852.8125690156971,886.0450909227854,1193.1206607411243
91900,852.8125690156971,889.7813011407308,1174.3695044907945
92000,852.8125690156971,882.5536776508071,1168.998586449809
92100,852.8125690156971,894.0632754939843,1190.922780475656
92200,852.8125690156971,881.629539687244,1166.0445978021828
92300,852.8125690156971,896.3101591947596,1176.2106134730911
92400,852.8125690156971,879.4331503376842,1129.6460187638468
92500,852.8125690156971,888.212353033114,1196.6610639309292
92600,852.8125690156971,894.5860614751504,1187.0680423422039
92700,852.8125690156971,880.9087754182765,1173.4722533026506
92800,852.8125690156971,875.8260292375977,1206.3862491819339
92900,852.8125690156971,885.5172996600294,1160.2761678187767
93000,852.8125690156971,885.7322568526097,1181.1858952050459
93100,852.8125690156971,883.2779761945916,1190.933612106718
93200,852.8125690156971,889.5590825974045,1171.7562754761477
93300,852.8125690156971,879.5398969074222,1200.766412243939
93400,852.8125690156971,889.4181469110044,1190.933612106718
93500,852.8125690156971,882.9347492814844,1211.398749221539
93600,852.8125690156971,874.5587017566093,1109.7869488925915
93700,852.8125690156971,882.6430974363049,1211.8852033108121
93800,852.8125690156971,895.2556539482797,1167.4805214400546
93900,852.8125690156971,895.1157832840855,1206.3862491819339
94000,852.8125690156971,892.6274131750657,1211.8852033108121
94100,852.8125690156971,904.7114976247915,1181.922297617639
94200,852.8125690156971,879.8825861065199,1211.398749221539
94300,852.8125690156971,873.210392972825,1190.933612106718
94400,852.8125690156971,889.4822231782803,1167.4805214400546
94500,852.8125690156971,889.7168299503071,1168.998586449809
94600,852.8125690156971,893.3563768678077,1211.8852033108121
94700,852.8125690156971,867.4009053806994,1160.5445744316596
94800,852.8125690156971,870.7469239319353,1181.922297617639
94900,852.8125690156971,888.943045633199,1176.2106134730911
95000,852.8125690156971,882.5202032655326,1181.922297617639
95100,852.8125690156971,883.5536169138051,1206.3862491819339
95200,852.8125690156971,892.6863384648552,1196.3770689471814
95300,852.8125690156971,888.8130450355704,1171.7562754761477
95400,852.8125690156971,887.0174295993681,1206.3862491819339
95500,852.8125690156971,899.3595135369886,1147.0602485076874
95600,852.8125690156971,887.0807125103761,1167.4805214400546
95700,852.8125690156971,882.7670528322551,1246.6210558096411
95800,852.8125690156971,883.0381156183279,1193.1206607411243
95900,852.8125690156971,889.391002566671,1174.371350550848
96000,852.8125690156971,898.0936517931964,1174.371350550848
96100,852.8125690156971,876.5573233250318,1119.8310579575368
96200,852.8125690156971,887.9075425494023,1211.398749221539
96300,852.8125690156971,886.6122220361593,1171.8641863909443
96400,852.8125690156971,890.0985860335751,1177.0598045195306
96500,852.8125690156971,899.0468254953184,1208.556948463455
96600,852.8125690156971,897.0458673116941,1168.998586449809
96700,852.8125690156971,886.202580607374,1172.4569817004108
96800,852.8125690156971,881.1101838082958,1174.3695044907945
96900,852.8125690156971,897.2957280642231,1196.3770689471814
97000,852.8125690156971,895.718024069476,1165.3818222342934
97100,852.8125690156971,887.1586911224473,1211.8852033108121
97200,852.8125690156971,881.1634430070791,1190.922780475656
97300,852.8125690156971,882.5713686413421,1164.9050062565666
97400,852.8125690156971,875.6456411344232,1162.8069279752458
97500,852.8125690156971,898.4292487404186,1196.6610639309292
97600,852.8125690156971,885.5569264977038,1181.922297617639
97700,852.8125690156971,889.5509629207309,1190.922780475656
97800,852.8125690156971,881.0607792606424,1171.7562754761477
97900,852.8125690156971,886.5021666788277,1173.5392445981163
98000,852.8125690156971,873.7642778625934,1124.3728787717814
98100,852.8125690156971,896.4013141911223,1186.9465104292217
98200,852.8125690156971,891.3190281506941,1211.8852033108121
98300,852.8125690156971,884.2665542617693,1193.1206607411243
98400,852.8125690156971,871.6484581693179,1208.556948463455
98500,852.8125690156971,880.6546430652037,1142.8937312155942
98600,852.8125690156971,878.6477822994426,1156.475238196133
98700,852.8125690156971,881.6824758579559,1163.947129437455
98800,852.8125690156971,893.7846189735617,1157.2697011464563
98900,852.8125690156971,896.5279726905153,1211.398749221539
99000,852.8125690156971,895.3675015531418,1186.9465104292217
99100,852.8125690156971,869.2951332896399,1186.9465104292217
99200,852.8125690156971,875.3060616264145,1246.6210558096411
99300,852.8125690156971,887.6289708622869,1190.933612106718
99400,852.8125690156971,884.7246521500645,1206.663465483829
99500,852.8125690156971,881.0301449839357,1149.061234266123
99600,852.8125690156971,891.9640168087307,1170.8273085268215
99700,852.8125690156971,903.4507338977404,1206.3862491819339
99800,852.8125690156971,882.2722785319409,1297.0136212926163
99900,852.8125690156971,895.9647871426506,1180.3141468540766
100000,852.8125690156971,884.6492874337412,1164.6688656360413
